,label,x,y,image_name,image_width,image_height
0,Person,312,658,images/2.jpg,1920,1080
1,Person,142,616,images/2.jpg,1920,1080
2,Person,114,569,images/2.jpg,1920,1080
3,Person,88,590,images/2.jpg,1920,1080
4,Person,70,571,images/2.jpg,1920,1080
5,Person,167,557,images/2.jpg,1920,1080
6,Person,161,549,images/2.jpg,1920,1080
7,Person,189,571,images/2.jpg,1920,1080
8,Person,215,567,images/2.jpg,1920,1080
9,Person,226,551,images/2.jpg,1920,1080
10,Person,232,550,images/2.jpg,1920,1080
11,Person,244,551,images/2.jpg,1920,1080
12,Person,237,550,images/2.jpg,1920,1080
13,Person,255,551,images/2.jpg,1920,1080
14,Person,191,532,images/2.jpg,1920,1080
15,Person,280,537,images/2.jpg,1920,1080
16,Person,288,535,images/2.jpg,1920,1080
17,Person,348,547,images/2.jpg,1920,1080
18,Person,357,551,images/2.jpg,1920,1080
19,Person,368,546,images/2.jpg,1920,1080
20,Person,387,542,images/2.jpg,1920,1080
21,Person,413,549,images/2.jpg,1920,1080
22,Person,414,530,images/2.jpg,1920,1080
23,Person,431,533,images/2.jpg,1920,1080
24,Person,383,512,images/2.jpg,1920,1080
25,Person,527,656,images/2.jpg,1920,1080
26,Person,539,578,images/2.jpg,1920,1080
27,Person,746,576,images/2.jpg,1920,1080
28,Person,760,574,images/2.jpg,1920,1080
29,Person,785,589,images/2.jpg,1920,1080
30,Person,671,584,images/2.jpg,1920,1080
31,Person,656,585,images/2.jpg,1920,1080
32,Person,539,650,images/2.jpg,1920,1080
33,Person,1789,909,images/2.jpg,1920,1080
34,Person,786,555,images/2.jpg,1920,1080
35,Person,798,555,images/2.jpg,1920,1080
36,Person,808,551,images/2.jpg,1920,1080
37,Person,768,537,images/2.jpg,1920,1080
38,Person,759,539,images/2.jpg,1920,1080
39,Person,744,548,images/2.jpg,1920,1080
40,Person,733,545,images/2.jpg,1920,1080
41,Person,627,543,images/2.jpg,1920,1080
42,Person,640,539,images/2.jpg,1920,1080
43,Person,602,519,images/2.jpg,1920,1080
44,Person,589,528,images/2.jpg,1920,1080
45,Person,551,514,images/2.jpg,1920,1080
46,Person,541,517,images/2.jpg,1920,1080
47,Person,499,526,images/2.jpg,1920,1080
48,Person,494,518,images/2.jpg,1920,1080
49,Person,589,475,images/2.jpg,1920,1080
50,Person,743,468,images/2.jpg,1920,1080
51,Person,387,425,images/2.jpg,1920,1080
52,Person,672,512,images/2.jpg,1920,1080
53,Person,682,520,images/2.jpg,1920,1080
54,Person,703,519,images/2.jpg,1920,1080
55,Person,694,506,images/2.jpg,1920,1080
56,Person,721,505,images/2.jpg,1920,1080
57,Person,784,510,images/2.jpg,1920,1080
58,Person,791,501,images/2.jpg,1920,1080
59,Person,818,504,images/2.jpg,1920,1080
60,Person,808,521,images/2.jpg,1920,1080
61,Person,745,531,images/2.jpg,1920,1080
62,Person,886,504,images/2.jpg,1920,1080
63,Person,912,521,images/2.jpg,1920,1080
64,Person,923,519,images/2.jpg,1920,1080
65,Person,941,508,images/2.jpg,1920,1080
66,Person,963,520,images/2.jpg,1920,1080
67,Person,954,491,images/2.jpg,1920,1080
68,Person,1004,494,images/2.jpg,1920,1080
69,Person,1017,495,images/2.jpg,1920,1080
70,Person,1026,489,images/2.jpg,1920,1080
71,Person,1042,504,images/2.jpg,1920,1080
72,Person,1051,495,images/2.jpg,1920,1080
73,Person,1051,486,images/2.jpg,1920,1080
74,Person,1064,486,images/2.jpg,1920,1080
75,Person,1073,490,images/2.jpg,1920,1080
76,Person,1096,480,images/2.jpg,1920,1080
77,Person,1105,479,images/2.jpg,1920,1080
78,Person,1146,484,images/2.jpg,1920,1080
79,Person,1159,485,images/2.jpg,1920,1080
80,Person,1182,487,images/2.jpg,1920,1080
81,Person,1199,492,images/2.jpg,1920,1080
82,Person,1208,486,images/2.jpg,1920,1080
83,Person,946,537,images/2.jpg,1920,1080
84,Person,918,586,images/2.jpg,1920,1080
85,Person,1040,589,images/2.jpg,1920,1080
86,Person,1036,580,images/2.jpg,1920,1080
87,Person,1055,557,images/2.jpg,1920,1080
88,Person,1073,553,images/2.jpg,1920,1080
89,Person,1084,562,images/2.jpg,1920,1080
90,Person,1100,565,images/2.jpg,1920,1080
91,Person,1171,620,images/2.jpg,1920,1080
92,Person,1200,618,images/2.jpg,1920,1080
93,Person,1273,645,images/2.jpg,1920,1080
94,Person,1292,615,images/2.jpg,1920,1080
95,Person,1417,598,images/2.jpg,1920,1080
96,Person,1475,591,images/2.jpg,1920,1080
97,Person,1418,572,images/2.jpg,1920,1080
98,Person,1443,579,images/2.jpg,1920,1080
99,Person,1632,557,images/2.jpg,1920,1080
100,Person,1645,563,images/2.jpg,1920,1080
101,Person,1697,537,images/2.jpg,1920,1080
102,Person,1561,518,images/2.jpg,1920,1080
103,Person,1603,541,images/2.jpg,1920,1080
104,Person,1492,557,images/2.jpg,1920,1080
105,Person,1252,539,images/2.jpg,1920,1080
106,Person,1259,542,images/2.jpg,1920,1080
107,Person,1168,507,images/2.jpg,1920,1080
108,Person,1189,504,images/2.jpg,1920,1080
109,Person,1184,513,images/2.jpg,1920,1080
110,Person,1171,514,images/2.jpg,1920,1080
111,Person,1162,513,images/2.jpg,1920,1080
112,Person,1012,518,images/2.jpg,1920,1080
113,Person,1384,536,images/2.jpg,1920,1080
114,Person,1665,515,images/2.jpg,1920,1080
115,Person,1586,528,images/2.jpg,1920,1080
116,Person,1864,512,images/2.jpg,1920,1080
117,Person,1855,500,images/2.jpg,1920,1080
118,Person,1883,479,images/2.jpg,1920,1080
119,Person,1870,472,images/2.jpg,1920,1080
120,Person,1845,465,images/2.jpg,1920,1080
121,Person,1726,487,images/2.jpg,1920,1080
122,Person,1587,444,images/2.jpg,1920,1080
123,Person,1562,447,images/2.jpg,1920,1080
124,Person,1510,460,images/2.jpg,1920,1080
125,Person,1502,462,images/2.jpg,1920,1080
126,Person,1405,509,images/2.jpg,1920,1080
127,Person,1444,509,images/2.jpg,1920,1080
128,Person,1754,465,images/2.jpg,1920,1080
129,Person,1861,449,images/2.jpg,1920,1080
0,Person,917,942,images/4.jpg,1920,1080
1,Person,773,742,images/4.jpg,1920,1080
2,Person,947,750,images/4.jpg,1920,1080
3,Person,1056,734,images/4.jpg,1920,1080
4,Person,1087,711,images/4.jpg,1920,1080
5,Person,980,651,images/4.jpg,1920,1080
6,Person,131,651,images/4.jpg,1920,1080
7,Person,17,664,images/4.jpg,1920,1080
8,Person,9,574,images/4.jpg,1920,1080
9,Person,323,585,images/4.jpg,1920,1080
10,Person,439,574,images/4.jpg,1920,1080
11,Person,581,626,images/4.jpg,1920,1080
12,Person,533,631,images/4.jpg,1920,1080
13,Person,1576,690,images/4.jpg,1920,1080
14,Person,874,604,images/4.jpg,1920,1080
15,Person,736,617,images/4.jpg,1920,1080
16,Person,790,623,images/4.jpg,1920,1080
17,Person,1288,623,images/4.jpg,1920,1080
18,Person,1297,596,images/4.jpg,1920,1080
19,Person,1286,608,images/4.jpg,1920,1080
20,Person,1094,567,images/4.jpg,1920,1080
21,Person,96,549,images/4.jpg,1920,1080
22,Person,35,569,images/4.jpg,1920,1080
23,Person,20,562,images/4.jpg,1920,1080
24,Person,54,570,images/4.jpg,1920,1080
25,Person,124,554,images/4.jpg,1920,1080
26,Person,145,548,images/4.jpg,1920,1080
27,Person,137,550,images/4.jpg,1920,1080
28,Person,158,555,images/4.jpg,1920,1080
29,Person,180,551,images/4.jpg,1920,1080
30,Person,203,555,images/4.jpg,1920,1080
31,Person,212,550,images/4.jpg,1920,1080
32,Person,194,537,images/4.jpg,1920,1080
33,Person,263,561,images/4.jpg,1920,1080
34,Person,256,552,images/4.jpg,1920,1080
35,Person,265,552,images/4.jpg,1920,1080
36,Person,277,548,images/4.jpg,1920,1080
37,Person,297,568,images/4.jpg,1920,1080
38,Person,316,546,images/4.jpg,1920,1080
39,Person,328,538,images/4.jpg,1920,1080
40,Person,324,524,images/4.jpg,1920,1080
41,Person,340,547,images/4.jpg,1920,1080
42,Person,362,554,images/4.jpg,1920,1080
43,Person,373,541,images/4.jpg,1920,1080
44,Person,385,539,images/4.jpg,1920,1080
45,Person,377,530,images/4.jpg,1920,1080
46,Person,411,502,images/4.jpg,1920,1080
47,Person,441,452,images/4.jpg,1920,1080
48,Person,508,470,images/4.jpg,1920,1080
49,Person,550,447,images/4.jpg,1920,1080
50,Person,424,543,images/4.jpg,1920,1080
51,Person,405,543,images/4.jpg,1920,1080
52,Person,433,546,images/4.jpg,1920,1080
53,Person,478,530,images/4.jpg,1920,1080
54,Person,464,548,images/4.jpg,1920,1080
55,Person,515,541,images/4.jpg,1920,1080
56,Person,442,599,images/4.jpg,1920,1080
57,Person,528,560,images/4.jpg,1920,1080
58,Person,549,532,images/4.jpg,1920,1080
59,Person,564,535,images/4.jpg,1920,1080
60,Person,558,519,images/4.jpg,1920,1080
61,Person,575,518,images/4.jpg,1920,1080
62,Person,587,528,images/4.jpg,1920,1080
63,Person,610,513,images/4.jpg,1920,1080
64,Person,626,515,images/4.jpg,1920,1080
65,Person,644,523,images/4.jpg,1920,1080
66,Person,653,527,images/4.jpg,1920,1080
67,Person,662,529,images/4.jpg,1920,1080
68,Person,689,523,images/4.jpg,1920,1080
69,Person,698,529,images/4.jpg,1920,1080
70,Person,735,515,images/4.jpg,1920,1080
71,Person,707,517,images/4.jpg,1920,1080
72,Person,716,519,images/4.jpg,1920,1080
73,Person,759,530,images/4.jpg,1920,1080
74,Person,755,507,images/4.jpg,1920,1080
75,Person,772,513,images/4.jpg,1920,1080
76,Person,777,505,images/4.jpg,1920,1080
77,Person,846,511,images/4.jpg,1920,1080
78,Person,886,500,images/4.jpg,1920,1080
79,Person,918,499,images/4.jpg,1920,1080
80,Person,878,518,images/4.jpg,1920,1080
81,Person,862,528,images/4.jpg,1920,1080
82,Person,790,518,images/4.jpg,1920,1080
83,Person,897,508,images/4.jpg,1920,1080
84,Person,821,564,images/4.jpg,1920,1080
85,Person,846,628,images/4.jpg,1920,1080
86,Person,1021,574,images/4.jpg,1920,1080
87,Person,951,551,images/4.jpg,1920,1080
88,Person,926,513,images/4.jpg,1920,1080
89,Person,942,515,images/4.jpg,1920,1080
90,Person,962,496,images/4.jpg,1920,1080
91,Person,1029,503,images/4.jpg,1920,1080
92,Person,1121,491,images/4.jpg,1920,1080
93,Person,1131,483,images/4.jpg,1920,1080
94,Person,1141,544,images/4.jpg,1920,1080
95,Person,1148,517,images/4.jpg,1920,1080
96,Person,1159,518,images/4.jpg,1920,1080
97,Person,1181,508,images/4.jpg,1920,1080
98,Person,1176,498,images/4.jpg,1920,1080
99,Person,1188,481,images/4.jpg,1920,1080
100,Person,1196,490,images/4.jpg,1920,1080
101,Person,1212,484,images/4.jpg,1920,1080
102,Person,1434,573,images/4.jpg,1920,1080
103,Person,1444,573,images/4.jpg,1920,1080
104,Person,1487,567,images/4.jpg,1920,1080
105,Person,1504,566,images/4.jpg,1920,1080
106,Person,1541,561,images/4.jpg,1920,1080
107,Person,1855,491,images/4.jpg,1920,1080
108,Person,1897,492,images/4.jpg,1920,1080
109,Person,1886,487,images/4.jpg,1920,1080
110,Person,1676,509,images/4.jpg,1920,1080
111,Person,1477,545,images/4.jpg,1920,1080
112,Person,1400,523,images/4.jpg,1920,1080
113,Person,1250,576,images/4.jpg,1920,1080
114,Person,1306,513,images/4.jpg,1920,1080
115,Person,1235,480,images/4.jpg,1920,1080
116,Person,1428,468,images/4.jpg,1920,1080
117,Person,1326,491,images/4.jpg,1920,1080
118,Person,1456,459,images/4.jpg,1920,1080
119,Person,1555,452,images/4.jpg,1920,1080
120,Person,1534,452,images/4.jpg,1920,1080
121,Person,1523,448,images/4.jpg,1920,1080
122,Person,1512,460,images/4.jpg,1920,1080
123,Person,1500,462,images/4.jpg,1920,1080
124,Person,1443,518,images/4.jpg,1920,1080
125,Person,1399,501,images/4.jpg,1920,1080
126,Person,1550,521,images/4.jpg,1920,1080
127,Person,1568,524,images/4.jpg,1920,1080
128,Person,1580,517,images/4.jpg,1920,1080
129,Person,1610,512,images/4.jpg,1920,1080
130,Person,1613,431,images/4.jpg,1920,1080
131,Person,1606,432,images/4.jpg,1920,1080
132,Person,1579,453,images/4.jpg,1920,1080
133,Person,1862,459,images/4.jpg,1920,1080
134,Person,1752,456,images/4.jpg,1920,1080
135,Person,1696,472,images/4.jpg,1920,1080
136,Person,991,579,images/4.jpg,1920,1080
137,Person,1253,479,images/4.jpg,1920,1080
138,Person,477,718,images/4.jpg,1920,1080
0,Person,1759,997,images/6.jpg,1920,1080
1,Person,1746,929,images/6.jpg,1920,1080
2,Person,1021,731,images/6.jpg,1920,1080
3,Person,959,741,images/6.jpg,1920,1080
4,Person,911,769,images/6.jpg,1920,1080
5,Person,653,600,images/6.jpg,1920,1080
6,Person,648,596,images/6.jpg,1920,1080
7,Person,194,556,images/6.jpg,1920,1080
8,Person,215,566,images/6.jpg,1920,1080
9,Person,226,562,images/6.jpg,1920,1080
10,Person,264,609,images/6.jpg,1920,1080
11,Person,250,609,images/6.jpg,1920,1080
12,Person,460,560,images/6.jpg,1920,1080
13,Person,482,548,images/6.jpg,1920,1080
14,Person,574,527,images/6.jpg,1920,1080
15,Person,582,528,images/6.jpg,1920,1080
16,Person,625,526,images/6.jpg,1920,1080
17,Person,708,518,images/6.jpg,1920,1080
18,Person,609,553,images/6.jpg,1920,1080
19,Person,637,554,images/6.jpg,1920,1080
20,Person,686,552,images/6.jpg,1920,1080
21,Person,757,538,images/6.jpg,1920,1080
22,Person,801,532,images/6.jpg,1920,1080
23,Person,845,529,images/6.jpg,1920,1080
24,Person,869,549,images/6.jpg,1920,1080
25,Person,1102,586,images/6.jpg,1920,1080
26,Person,1134,576,images/6.jpg,1920,1080
27,Person,993,539,images/6.jpg,1920,1080
28,Person,977,534,images/6.jpg,1920,1080
29,Person,970,509,images/6.jpg,1920,1080
30,Person,927,545,images/6.jpg,1920,1080
31,Person,996,492,images/6.jpg,1920,1080
32,Person,976,493,images/6.jpg,1920,1080
33,Person,1007,509,images/6.jpg,1920,1080
34,Person,1050,492,images/6.jpg,1920,1080
35,Person,1055,518,images/6.jpg,1920,1080
36,Person,1030,522,images/6.jpg,1920,1080
37,Person,1015,523,images/6.jpg,1920,1080
38,Person,1005,523,images/6.jpg,1920,1080
39,Person,1015,535,images/6.jpg,1920,1080
40,Person,1121,527,images/6.jpg,1920,1080
41,Person,1152,546,images/6.jpg,1920,1080
42,Person,1149,523,images/6.jpg,1920,1080
43,Person,1193,536,images/6.jpg,1920,1080
44,Person,1767,515,images/6.jpg,1920,1080
45,Person,1861,447,images/6.jpg,1920,1080
46,Person,1383,529,images/6.jpg,1920,1080
47,Person,1398,524,images/6.jpg,1920,1080
48,Person,1404,469,images/6.jpg,1920,1080
49,Person,1386,458,images/6.jpg,1920,1080
50,Person,1235,482,images/6.jpg,1920,1080
51,Person,1223,499,images/6.jpg,1920,1080
52,Person,1146,491,images/6.jpg,1920,1080
53,Person,1134,491,images/6.jpg,1920,1080
54,Person,1139,470,images/6.jpg,1920,1080
55,Person,1162,485,images/6.jpg,1920,1080
56,Person,1171,484,images/6.jpg,1920,1080
57,Person,1173,465,images/6.jpg,1920,1080
58,Person,1181,465,images/6.jpg,1920,1080
59,Person,1245,486,images/6.jpg,1920,1080
60,Person,1256,479,images/6.jpg,1920,1080
61,Person,1273,487,images/6.jpg,1920,1080
62,Person,1272,474,images/6.jpg,1920,1080
63,Person,1321,487,images/6.jpg,1920,1080
64,Person,1230,530,images/6.jpg,1920,1080
65,Person,1242,526,images/6.jpg,1920,1080
66,Person,1253,525,images/6.jpg,1920,1080
67,Person,1444,466,images/6.jpg,1920,1080
68,Person,1483,468,images/6.jpg,1920,1080
69,Person,1557,462,images/6.jpg,1920,1080
70,Person,62,583,images/6.jpg,1920,1080
71,Person,130,614,images/6.jpg,1920,1080
72,Person,19,579,images/6.jpg,1920,1080
73,Person,1097,497,images/6.jpg,1920,1080
74,Person,1527,451,images/6.jpg,1920,1080
75,Person,1250,623,images/8.jpg,1920,1080
76,Person,1113,509,images/8.jpg,1920,1080
77,Person,1155,503,images/8.jpg,1920,1080
78,Person,1082,529,images/8.jpg,1920,1080
79,Person,1032,515,images/8.jpg,1920,1080
80,Person,985,519,images/8.jpg,1920,1080
81,Person,976,514,images/8.jpg,1920,1080
82,Person,811,526,images/8.jpg,1920,1080
83,Person,429,549,images/8.jpg,1920,1080
84,Person,225,536,images/8.jpg,1920,1080
85,Person,177,551,images/8.jpg,1920,1080
86,Person,181,614,images/8.jpg,1920,1080
87,Person,1339,509,images/8.jpg,1920,1080
88,Person,1520,457,images/10.jpg,1920,1080
89,Person,1513,462,images/10.jpg,1920,1080
0,Person,28,611,images/1.jpg,1920,1080
1,Person,92,590,images/1.jpg,1920,1080
2,Person,99,555,images/1.jpg,1920,1080
3,Person,90,567,images/1.jpg,1920,1080
4,Person,58,554,images/1.jpg,1920,1080
5,Person,39,581,images/1.jpg,1920,1080
6,Person,113,589,images/1.jpg,1920,1080
7,Person,40,559,images/1.jpg,1920,1080
8,Person,136,536,images/1.jpg,1920,1080
9,Person,142,556,images/1.jpg,1920,1080
10,Person,153,560,images/1.jpg,1920,1080
11,Person,178,551,images/1.jpg,1920,1080
12,Person,203,526,images/1.jpg,1920,1080
13,Person,229,524,images/1.jpg,1920,1080
14,Person,215,543,images/1.jpg,1920,1080
15,Person,196,567,images/1.jpg,1920,1080
16,Person,170,647,images/1.jpg,1920,1080
17,Person,189,628,images/1.jpg,1920,1080
18,Person,271,574,images/1.jpg,1920,1080
19,Person,201,539,images/1.jpg,1920,1080
20,Person,246,570,images/1.jpg,1920,1080
21,Person,238,563,images/1.jpg,1920,1080
22,Person,226,564,images/1.jpg,1920,1080
23,Person,228,554,images/1.jpg,1920,1080
24,Person,296,555,images/1.jpg,1920,1080
25,Person,302,554,images/1.jpg,1920,1080
26,Person,312,548,images/1.jpg,1920,1080
27,Person,296,685,images/1.jpg,1920,1080
28,Person,349,604,images/1.jpg,1920,1080
29,Person,339,538,images/1.jpg,1920,1080
30,Person,340,552,images/1.jpg,1920,1080
31,Person,351,539,images/1.jpg,1920,1080
32,Person,359,535,images/1.jpg,1920,1080
33,Person,370,540,images/1.jpg,1920,1080
34,Person,447,593,images/1.jpg,1920,1080
35,Person,508,579,images/1.jpg,1920,1080
36,Person,412,579,images/1.jpg,1920,1080
37,Person,5,624,images/1.jpg,1920,1080
38,Person,507,544,images/1.jpg,1920,1080
39,Person,516,541,images/1.jpg,1920,1080
40,Person,401,541,images/1.jpg,1920,1080
41,Person,409,539,images/1.jpg,1920,1080
42,Person,495,526,images/1.jpg,1920,1080
43,Person,485,527,images/1.jpg,1920,1080
44,Person,462,529,images/1.jpg,1920,1080
45,Person,463,510,images/1.jpg,1920,1080
46,Person,466,554,images/1.jpg,1920,1080
47,Person,471,559,images/1.jpg,1920,1080
48,Person,676,774,images/1.jpg,1920,1080
49,Person,812,726,images/1.jpg,1920,1080
50,Person,1024,716,images/1.jpg,1920,1080
51,Person,1137,710,images/1.jpg,1920,1080
52,Person,936,588,images/1.jpg,1920,1080
53,Person,903,594,images/1.jpg,1920,1080
54,Person,900,574,images/1.jpg,1920,1080
55,Person,891,584,images/1.jpg,1920,1080
56,Person,868,598,images/1.jpg,1920,1080
57,Person,822,605,images/1.jpg,1920,1080
58,Person,768,618,images/1.jpg,1920,1080
59,Person,730,594,images/1.jpg,1920,1080
60,Person,633,574,images/1.jpg,1920,1080
61,Person,547,558,images/1.jpg,1920,1080
62,Person,576,534,images/1.jpg,1920,1080
63,Person,581,518,images/1.jpg,1920,1080
64,Person,611,525,images/1.jpg,1920,1080
65,Person,624,531,images/1.jpg,1920,1080
66,Person,617,538,images/1.jpg,1920,1080
67,Person,746,521,images/1.jpg,1920,1080
68,Person,764,518,images/1.jpg,1920,1080
69,Person,662,526,images/1.jpg,1920,1080
70,Person,804,565,images/1.jpg,1920,1080
71,Person,824,565,images/1.jpg,1920,1080
72,Person,845,518,images/1.jpg,1920,1080
73,Person,862,537,images/1.jpg,1920,1080
74,Person,1015,628,images/1.jpg,1920,1080
75,Person,978,558,images/1.jpg,1920,1080
76,Person,958,508,images/1.jpg,1920,1080
77,Person,1004,516,images/1.jpg,1920,1080
78,Person,898,535,images/1.jpg,1920,1080
79,Person,1086,564,images/1.jpg,1920,1080
80,Person,1050,557,images/1.jpg,1920,1080
81,Person,1085,525,images/1.jpg,1920,1080
82,Person,1131,521,images/1.jpg,1920,1080
83,Person,1029,521,images/1.jpg,1920,1080
84,Person,994,494,images/1.jpg,1920,1080
85,Person,1046,575,images/1.jpg,1920,1080
86,Person,1172,526,images/1.jpg,1920,1080
87,Person,1175,538,images/1.jpg,1920,1080
88,Person,1606,585,images/1.jpg,1920,1080
89,Person,1600,490,images/1.jpg,1920,1080
90,Person,1632,517,images/1.jpg,1920,1080
91,Person,1720,531,images/1.jpg,1920,1080
92,Person,1675,549,images/1.jpg,1920,1080
93,Person,1669,556,images/1.jpg,1920,1080
94,Person,1655,560,images/1.jpg,1920,1080
95,Person,1348,519,images/1.jpg,1920,1080
96,Person,1406,472,images/1.jpg,1920,1080
97,Person,1413,473,images/1.jpg,1920,1080
98,Person,1131,491,images/1.jpg,1920,1080
99,Person,1134,482,images/1.jpg,1920,1080
100,Person,1200,485,images/1.jpg,1920,1080
101,Person,1248,487,images/1.jpg,1920,1080
102,Person,1474,468,images/1.jpg,1920,1080
103,Person,1488,567,images/1.jpg,1920,1080
104,Person,1595,438,images/1.jpg,1920,1080
105,Person,1619,424,images/1.jpg,1920,1080
106,Person,1492,468,images/1.jpg,1920,1080
107,Person,1560,447,images/1.jpg,1920,1080
108,Person,1567,495,images/1.jpg,1920,1080
109,Person,1560,497,images/1.jpg,1920,1080
110,Person,1522,517,images/1.jpg,1920,1080
111,Person,1445,508,images/1.jpg,1920,1080
112,Person,1434,511,images/1.jpg,1920,1080
113,Person,1422,472,images/1.jpg,1920,1080
114,Person,1885,504,images/1.jpg,1920,1080
115,Person,1897,516,images/1.jpg,1920,1080
116,Person,1913,519,images/1.jpg,1920,1080
117,Person,1857,448,images/1.jpg,1920,1080
118,Person,1043,491,images/1.jpg,1920,1080
119,Person,1076,487,images/1.jpg,1920,1080
120,Person,1094,485,images/1.jpg,1920,1080
121,Person,1261,514,images/1.jpg,1920,1080
122,Person,820,503,images/1.jpg,1920,1080
123,Person,833,497,images/1.jpg,1920,1080
124,Person,807,436,images/1.jpg,1920,1080
125,Person,844,497,images/1.jpg,1920,1080
126,Person,1815,954,images/3.jpg,1920,1080
127,Person,1775,890,images/3.jpg,1920,1080
128,Person,35,581,images/3.jpg,1920,1080
129,Person,58,585,images/3.jpg,1920,1080
130,Person,43,590,images/3.jpg,1920,1080
131,Person,133,676,images/3.jpg,1920,1080
132,Person,4,631,images/3.jpg,1920,1080
133,Person,344,670,images/3.jpg,1920,1080
134,Person,255,610,images/3.jpg,1920,1080
135,Person,217,598,images/3.jpg,1920,1080
136,Person,148,576,images/3.jpg,1920,1080
137,Person,175,556,images/3.jpg,1920,1080
138,Person,214,555,images/3.jpg,1920,1080
139,Person,236,543,images/3.jpg,1920,1080
140,Person,319,557,images/3.jpg,1920,1080
141,Person,342,550,images/3.jpg,1920,1080
142,Person,370,551,images/3.jpg,1920,1080
143,Person,371,561,images/3.jpg,1920,1080
144,Person,404,584,images/3.jpg,1920,1080
145,Person,331,608,images/3.jpg,1920,1080
146,Person,349,606,images/3.jpg,1920,1080
147,Person,253,592,images/3.jpg,1920,1080
148,Person,540,671,images/3.jpg,1920,1080
149,Person,579,668,images/3.jpg,1920,1080
150,Person,514,671,images/3.jpg,1920,1080
151,Person,579,626,images/3.jpg,1920,1080
152,Person,430,575,images/3.jpg,1920,1080
153,Person,464,575,images/3.jpg,1920,1080
154,Person,466,556,images/3.jpg,1920,1080
155,Person,483,555,images/3.jpg,1920,1080
156,Person,500,554,images/3.jpg,1920,1080
157,Person,523,547,images/3.jpg,1920,1080
158,Person,501,527,images/3.jpg,1920,1080
159,Person,653,627,images/3.jpg,1920,1080
160,Person,603,627,images/3.jpg,1920,1080
161,Person,627,624,images/3.jpg,1920,1080
162,Person,669,537,images/3.jpg,1920,1080
163,Person,680,529,images/3.jpg,1920,1080
164,Person,633,520,images/3.jpg,1920,1080
165,Person,628,516,images/3.jpg,1920,1080
166,Person,637,511,images/3.jpg,1920,1080
167,Person,659,583,images/3.jpg,1920,1080
168,Person,646,583,images/3.jpg,1920,1080
169,Person,760,651,images/3.jpg,1920,1080
170,Person,770,595,images/3.jpg,1920,1080
171,Person,783,636,images/3.jpg,1920,1080
172,Person,835,608,images/3.jpg,1920,1080
173,Person,846,618,images/3.jpg,1920,1080
174,Person,721,510,images/3.jpg,1920,1080
175,Person,727,503,images/3.jpg,1920,1080
176,Person,741,514,images/3.jpg,1920,1080
177,Person,802,557,images/3.jpg,1920,1080
178,Person,820,561,images/3.jpg,1920,1080
179,Person,941,686,images/3.jpg,1920,1080
180,Person,1051,609,images/3.jpg,1920,1080
181,Person,1061,610,images/3.jpg,1920,1080
182,Person,1085,585,images/3.jpg,1920,1080
183,Person,986,613,images/3.jpg,1920,1080
184,Person,972,613,images/3.jpg,1920,1080
185,Person,1024,584,images/3.jpg,1920,1080
186,Person,1072,554,images/3.jpg,1920,1080
187,Person,1040,514,images/3.jpg,1920,1080
188,Person,1022,516,images/3.jpg,1920,1080
189,Person,1014,517,images/3.jpg,1920,1080
190,Person,1005,522,images/3.jpg,1920,1080
191,Person,998,508,images/3.jpg,1920,1080
192,Person,1194,617,images/3.jpg,1920,1080
193,Person,1135,528,images/3.jpg,1920,1080
194,Person,1125,529,images/3.jpg,1920,1080
195,Person,1177,528,images/3.jpg,1920,1080
196,Person,1181,523,images/3.jpg,1920,1080
197,Person,1240,521,images/3.jpg,1920,1080
198,Person,1211,524,images/3.jpg,1920,1080
199,Person,1216,520,images/3.jpg,1920,1080
200,Person,1476,593,images/3.jpg,1920,1080
201,Person,1143,593,images/3.jpg,1920,1080
202,Person,1153,582,images/3.jpg,1920,1080
203,Person,1169,582,images/3.jpg,1920,1080
204,Person,1218,573,images/3.jpg,1920,1080
205,Person,384,530,images/3.jpg,1920,1080
206,Person,564,535,images/3.jpg,1920,1080
207,Person,540,539,images/3.jpg,1920,1080
208,Person,784,513,images/3.jpg,1920,1080
209,Person,1284,572,images/3.jpg,1920,1080
210,Person,1304,578,images/3.jpg,1920,1080
211,Person,1302,589,images/3.jpg,1920,1080
212,Person,1281,587,images/3.jpg,1920,1080
213,Person,1331,577,images/3.jpg,1920,1080
214,Person,1357,520,images/3.jpg,1920,1080
215,Person,1164,616,images/3.jpg,1920,1080
216,Person,927,513,images/3.jpg,1920,1080
217,Person,1198,480,images/3.jpg,1920,1080
218,Person,1188,480,images/3.jpg,1920,1080
219,Person,1255,482,images/3.jpg,1920,1080
220,Person,1260,491,images/3.jpg,1920,1080
221,Person,1343,531,images/3.jpg,1920,1080
222,Person,1469,527,images/3.jpg,1920,1080
223,Person,1451,530,images/3.jpg,1920,1080
224,Person,1472,543,images/3.jpg,1920,1080
225,Person,1432,610,images/3.jpg,1920,1080
226,Person,1661,619,images/3.jpg,1920,1080
227,Person,1641,614,images/3.jpg,1920,1080
228,Person,1638,627,images/3.jpg,1920,1080
229,Person,1608,606,images/3.jpg,1920,1080
230,Person,1608,580,images/3.jpg,1920,1080
231,Person,1617,574,images/3.jpg,1920,1080
232,Person,1793,541,images/3.jpg,1920,1080
233,Person,1916,546,images/3.jpg,1920,1080
234,Person,1547,541,images/3.jpg,1920,1080
235,Person,1539,546,images/3.jpg,1920,1080
236,Person,1625,514,images/3.jpg,1920,1080
237,Person,1645,513,images/3.jpg,1920,1080
238,Person,1653,517,images/3.jpg,1920,1080
239,Person,1662,512,images/3.jpg,1920,1080
240,Person,1679,495,images/3.jpg,1920,1080
241,Person,1698,529,images/3.jpg,1920,1080
242,Person,1431,514,images/3.jpg,1920,1080
243,Person,1450,517,images/3.jpg,1920,1080
244,Person,1412,483,images/3.jpg,1920,1080
245,Person,1445,468,images/3.jpg,1920,1080
246,Person,1453,457,images/3.jpg,1920,1080
247,Person,1524,452,images/3.jpg,1920,1080
248,Person,1488,475,images/3.jpg,1920,1080
249,Person,1496,476,images/3.jpg,1920,1080
250,Person,1555,473,images/3.jpg,1920,1080
251,Person,1582,475,images/3.jpg,1920,1080
252,Person,1844,466,images/3.jpg,1920,1080
253,Person,1857,451,images/3.jpg,1920,1080
254,Person,1869,455,images/3.jpg,1920,1080
255,Person,1295,566,images/3.jpg,1920,1080
256,Person,1314,548,images/3.jpg,1920,1080
257,Person,541,480,images/3.jpg,1920,1080
258,Person,573,484,images/3.jpg,1920,1080
259,Person,478,523,images/3.jpg,1920,1080
260,Person,1048,494,images/3.jpg,1920,1080
261,Person,1039,488,images/3.jpg,1920,1080
262,Person,1031,487,images/3.jpg,1920,1080
263,Person,1028,493,images/3.jpg,1920,1080
264,Person,937,516,images/3.jpg,1920,1080
265,Person,972,510,images/3.jpg,1920,1080
266,Person,971,496,images/3.jpg,1920,1080
267,Person,981,502,images/3.jpg,1920,1080
268,Person,991,493,images/3.jpg,1920,1080
269,Person,1126,793,images/5.jpg,1920,1080
270,Person,1226,952,images/5.jpg,1920,1080
271,Person,1771,924,images/5.jpg,1920,1080
272,Person,1781,911,images/5.jpg,1920,1080
273,Person,102,562,images/5.jpg,1920,1080
274,Person,114,551,images/5.jpg,1920,1080
275,Person,140,549,images/5.jpg,1920,1080
276,Person,132,549,images/5.jpg,1920,1080
277,Person,125,547,images/5.jpg,1920,1080
278,Person,139,569,images/5.jpg,1920,1080
279,Person,230,570,images/5.jpg,1920,1080
280,Person,215,552,images/5.jpg,1920,1080
281,Person,222,545,images/5.jpg,1920,1080
282,Person,251,550,images/5.jpg,1920,1080
283,Person,326,593,images/5.jpg,1920,1080
284,Person,324,543,images/5.jpg,1920,1080
285,Person,355,624,images/5.jpg,1920,1080
286,Person,399,624,images/5.jpg,1920,1080
287,Person,408,582,images/5.jpg,1920,1080
288,Person,381,600,images/5.jpg,1920,1080
289,Person,347,602,images/5.jpg,1920,1080
290,Person,406,527,images/5.jpg,1920,1080
291,Person,435,542,images/5.jpg,1920,1080
292,Person,441,546,images/5.jpg,1920,1080
293,Person,445,559,images/5.jpg,1920,1080
294,Person,463,628,images/5.jpg,1920,1080
295,Person,533,627,images/5.jpg,1920,1080
296,Person,551,620,images/5.jpg,1920,1080
297,Person,461,567,images/5.jpg,1920,1080
298,Person,472,566,images/5.jpg,1920,1080
299,Person,456,535,images/5.jpg,1920,1080
300,Person,483,527,images/5.jpg,1920,1080
301,Person,492,524,images/5.jpg,1920,1080
302,Person,512,544,images/5.jpg,1920,1080
303,Person,540,530,images/5.jpg,1920,1080
304,Person,532,541,images/5.jpg,1920,1080
305,Person,661,560,images/5.jpg,1920,1080
306,Person,699,553,images/5.jpg,1920,1080
307,Person,655,539,images/5.jpg,1920,1080
308,Person,639,530,images/5.jpg,1920,1080
309,Person,589,521,images/5.jpg,1920,1080
310,Person,605,523,images/5.jpg,1920,1080
311,Person,611,525,images/5.jpg,1920,1080
312,Person,626,517,images/5.jpg,1920,1080
313,Person,639,521,images/5.jpg,1920,1080
314,Person,771,512,images/5.jpg,1920,1080
315,Person,756,513,images/5.jpg,1920,1080
316,Person,818,571,images/5.jpg,1920,1080
317,Person,803,577,images/5.jpg,1920,1080
318,Person,823,554,images/5.jpg,1920,1080
319,Person,830,514,images/5.jpg,1920,1080
320,Person,884,514,images/5.jpg,1920,1080
321,Person,884,613,images/5.jpg,1920,1080
322,Person,886,624,images/5.jpg,1920,1080
323,Person,1001,574,images/5.jpg,1920,1080
324,Person,1005,569,images/5.jpg,1920,1080
325,Person,977,573,images/5.jpg,1920,1080
326,Person,1030,585,images/5.jpg,1920,1080
327,Person,1049,584,images/5.jpg,1920,1080
328,Person,981,509,images/5.jpg,1920,1080
329,Person,999,536,images/5.jpg,1920,1080
330,Person,1047,506,images/5.jpg,1920,1080
331,Person,921,579,images/5.jpg,1920,1080
332,Person,132,612,images/5.jpg,1920,1080
333,Person,12,554,images/5.jpg,1920,1080
334,Person,806,505,images/5.jpg,1920,1080
335,Person,793,506,images/5.jpg,1920,1080
336,Person,837,557,images/5.jpg,1920,1080
337,Person,1130,557,images/5.jpg,1920,1080
338,Person,1084,540,images/5.jpg,1920,1080
339,Person,1187,525,images/5.jpg,1920,1080
340,Person,1172,524,images/5.jpg,1920,1080
341,Person,1203,525,images/5.jpg,1920,1080
342,Person,1117,497,images/5.jpg,1920,1080
343,Person,1124,501,images/5.jpg,1920,1080
344,Person,1160,494,images/5.jpg,1920,1080
345,Person,1174,510,images/5.jpg,1920,1080
346,Person,1148,533,images/5.jpg,1920,1080
347,Person,1106,485,images/5.jpg,1920,1080
348,Person,963,496,images/5.jpg,1920,1080
349,Person,1285,575,images/5.jpg,1920,1080
350,Person,1299,582,images/5.jpg,1920,1080
351,Person,1398,539,images/5.jpg,1920,1080
352,Person,1414,554,images/5.jpg,1920,1080
353,Person,1373,562,images/5.jpg,1920,1080
354,Person,1323,534,images/5.jpg,1920,1080
355,Person,1329,533,images/5.jpg,1920,1080
356,Person,1305,507,images/5.jpg,1920,1080
357,Person,1247,488,images/5.jpg,1920,1080
358,Person,1262,488,images/5.jpg,1920,1080
359,Person,1277,479,images/5.jpg,1920,1080
360,Person,1347,479,images/5.jpg,1920,1080
361,Person,1397,471,images/5.jpg,1920,1080
362,Person,1365,494,images/5.jpg,1920,1080
363,Person,1397,507,images/5.jpg,1920,1080
364,Person,1404,508,images/5.jpg,1920,1080
365,Person,1479,506,images/5.jpg,1920,1080
366,Person,1528,510,images/5.jpg,1920,1080
367,Person,1559,543,images/5.jpg,1920,1080
368,Person,1551,543,images/5.jpg,1920,1080
369,Person,1541,543,images/5.jpg,1920,1080
370,Person,1728,519,images/5.jpg,1920,1080
371,Person,1710,517,images/5.jpg,1920,1080
372,Person,1719,514,images/5.jpg,1920,1080
373,Person,1704,513,images/5.jpg,1920,1080
374,Person,1691,509,images/5.jpg,1920,1080
375,Person,1658,491,images/5.jpg,1920,1080
376,Person,1682,462,images/5.jpg,1920,1080
377,Person,1676,460,images/5.jpg,1920,1080
378,Person,1559,476,images/5.jpg,1920,1080
379,Person,1438,483,images/5.jpg,1920,1080
380,Person,1471,468,images/5.jpg,1920,1080
381,Person,1466,449,images/5.jpg,1920,1080
382,Person,1499,460,images/5.jpg,1920,1080
383,Person,1491,473,images/5.jpg,1920,1080
384,Person,1559,444,images/5.jpg,1920,1080
385,Person,1549,443,images/5.jpg,1920,1080
386,Person,1601,444,images/5.jpg,1920,1080
387,Person,1615,429,images/5.jpg,1920,1080
388,Person,1609,427,images/5.jpg,1920,1080
389,Person,1883,493,images/5.jpg,1920,1080
390,Person,1850,447,images/5.jpg,1920,1080
391,Person,1644,456,images/5.jpg,1920,1080
392,Person,1555,425,images/5.jpg,1920,1080
393,Person,1180,478,images/5.jpg,1920,1080
394,Person,1154,480,images/5.jpg,1920,1080
395,Person,1251,465,images/5.jpg,1920,1080
396,Person,1269,471,images/5.jpg,1920,1080
397,Person,1043,489,images/5.jpg,1920,1080
398,Person,1049,488,images/5.jpg,1920,1080
399,Person,689,514,images/5.jpg,1920,1080
400,Person,521,922,images/7.jpg,1920,1080
401,Person,442,820,images/7.jpg,1920,1080
402,Person,266,648,images/7.jpg,1920,1080
403,Person,275,577,images/7.jpg,1920,1080
404,Person,631,595,images/7.jpg,1920,1080
405,Person,683,558,images/7.jpg,1920,1080
406,Person,360,562,images/7.jpg,1920,1080
407,Person,758,517,images/7.jpg,1920,1080
408,Person,779,520,images/7.jpg,1920,1080
409,Person,764,559,images/7.jpg,1920,1080
410,Person,1142,733,images/7.jpg,1920,1080
411,Person,1183,724,images/7.jpg,1920,1080
412,Person,985,547,images/7.jpg,1920,1080
413,Person,1073,535,images/7.jpg,1920,1080
414,Person,1153,523,images/7.jpg,1920,1080
415,Person,1116,506,images/7.jpg,1920,1080
416,Person,1133,486,images/7.jpg,1920,1080
417,Person,1146,496,images/7.jpg,1920,1080
418,Person,1171,494,images/7.jpg,1920,1080
419,Person,1009,554,images/7.jpg,1920,1080
420,Person,476,579,images/7.jpg,1920,1080
421,Person,1870,655,images/7.jpg,1920,1080
422,Person,1896,489,images/7.jpg,1920,1080
423,Person,1883,489,images/7.jpg,1920,1080
424,Person,1865,451,images/7.jpg,1920,1080
425,Person,1619,463,images/7.jpg,1920,1080
426,Person,1633,438,images/7.jpg,1920,1080
427,Person,1621,423,images/7.jpg,1920,1080
428,Person,1553,481,images/7.jpg,1920,1080
429,Person,1538,450,images/7.jpg,1920,1080
430,Person,1554,449,images/7.jpg,1920,1080
431,Person,1530,454,images/7.jpg,1920,1080
432,Person,1463,471,images/7.jpg,1920,1080
433,Person,1410,492,images/7.jpg,1920,1080
434,Person,1405,455,images/7.jpg,1920,1080
435,Person,1310,489,images/7.jpg,1920,1080
436,Person,1300,477,images/7.jpg,1920,1080
437,Person,1684,463,images/7.jpg,1920,1080
438,Person,1726,475,images/7.jpg,1920,1080
439,Person,1768,485,images/7.jpg,1920,1080
440,Person,1276,518,images/7.jpg,1920,1080
441,Person,1023,509,images/7.jpg,1920,1080
442,Person,970,547,images/7.jpg,1920,1080
443,Person,441,577,images/9.jpg,1920,1080
444,Person,603,517,images/9.jpg,1920,1080
